Abomasnow,1
Abra,1
Absol,1
Accelgor,1
Aegislash,1
Aerodactyl,1
Aggron,1
Aipom,1
Alakazam,1
Alcremie,1
Alomomola,1
Altaria,1
Amaura,1
Ambipom,1
Amoonguss,1
Ampharos,1
Annihilape,1
Anorith,1
Appletun,1
Applin,1
Araquanid,1
Arbok,1
Arboliva,1
Arcanine,1
Arceus,1
Archaludon,1
Archen,1
Archeops,1
Arctibax,1
Arctovish,1
Arctozolt,1
Ariados,1
Armaldo,1
Armarouge,1
Aromatisse,1
Aron,1
Arrokuda,1
Articuno,1
Audino,1
Aurorus,1
Avalugg,1
Axew,1
Azelf,1
Azumarill,1
Azurill,1
Bagon,1
Baltoy,1
Banette,1
Barbaracle,1
Barboach,1
Barraskewda,1
Basculegion,1
Basculin,1
Bastiodon,1
Baxcalibur,1
Bayleef,1
Beartic,1
Beautifly,1
Beedrill,1
Beheeyem,1
Beldum,1
Bellibolt,1
Bellossom,1
Bellsprout,1
Bergmite,1
Bewear,1
Bibarel,1
Bidoof,1
Binacle,1
Bisharp,1
Blacephalon,1
Blastoise,1
Blaziken,1
Blipbug,1
Blissey,1
Blitzle,1
Boldore,1
Boltund,1
Bombirdier,1
Bonsly,1
Bouffalant,1
Bounsweet,1
Braixen,1
Brambleghast,1
Bramblin,1
Braviary,1
Breloom,1
Brionne,1
Bronzong,1
Bronzor,1
Brute Bonnet,1
Bruxish,1
Budew,1
Buizel,1
Bulbasaur,1
Buneary,1
Bunnelby,1
Burmy,1
Butterfree,1
Buzzwole,1
Cacnea,1
Cacturne,1
Calyrex,1
Camerupt,1
Capsakid,1
Carbink,1
Carkol,1
Carnivine,1
Carracosta,1
Carvanha,1
Cascoon,1
Castform,1
Caterpie,1
Celebi,1
Celesteela,1
Centiskorch,1
Ceruledge,1
Cetitan,1
Cetoddle,1
Chandelure,1
Chansey,1
Charcadet,1
Charizard,1
Charjabug,1
Charmander,1
Charmeleon,1
Chatot,1
Cherrim,1
Cherubi,1
Chesnaught,1
Chespin,1
Chewtle,1
Chi-Yu,1
Chien-Pao,1
Chikorita,1
Chimchar,1
Chimecho,1
Chinchou,1
Chingling,1
Cinccino,1
Cinderace,1
Clamperl,1
Clauncher,1
Clawitzer,1
Claydol,1
Clefable,1
Clefairy,1
Cleffa,1
Clobbopus,1
Clodsire,1
Cloyster,1
Coalossal,1
Cobalion,1
Cofagrigus,1
Combee,1
Combusken,1
Comfey,1
Conkeldurr,1
Copperajah,1
Corphish,1
Corsola,1
Corviknight,1
Corvisquire,1
Cosmoem,1
Cosmog,1
Cottonee,1
Crabominable,1
Crabrawler,1
Cradily,1
Cramorant,1
Cranidos,1
Crawdaunt,1
Cresselia,1
Croagunk,1
Crobat,1
Crocalor,1
Croconaw,1
Crustle,1
Cryogonal,1
Cubchoo,1
Cubone,1
Cufant,1
Cursola,1
Cutiefly,1
Cyclizar,1
Cyndaquil,1
Dachsbun,1
Darkrai,1
Darmanitan,1
Dartrix,1
Darumaka,1
Decidueye,1
Dedenne,1
Deerling,1
Deino,1
Delcatty,1
Delibird,1
Delphox,1
Deoxys,1
Dewgong,1
Dewott,1
Dewpider,1
Dhelmise,1
Dialga,1
Diancie,1
Diggersby,1
Diglett,1
Dipplin,1
Ditto,1
Dodrio,1
Doduo,1
Dolliv,1
Dondozo,1
Donphan,1
Dottler,1
Doublade,1
Dracovish,1
Dracozolt,1
Dragalge,1
Dragapult,1
Dragonair,1
Dragonite,1
Drakloak,1
Drampa,1
Drapion,1
Dratini,1
Drednaw,1
Dreepy,1
Drifblim,1
Drifloon,1
Drilbur,1
Drizzile,1
Drowzee,1
Druddigon,1
Dubwool,1
Ducklett,1
Dudunsparce,1
Dugtrio,1
Dunsparce,1
Duosion,1
Duraludon,1
Durant,1
Dusclops,1
Dusknoir,1
Duskull,1
Dustox,1
Dwebble,1
Eelektrik,1
Eelektross,1
Eevee,1
Eiscue,1
Ekans,1
Eldegoss,1
Electabuzz,1
Electivire,1
Electrike,1
Electrode,1
Elekid,1
Elgyem,1
Emboar,1
Emolga,1
Empoleon,1
Enamorus,1
Entei,1
Escavalier,1
Espathra,1
Espeon,1
Espurr,1
Eternatus,1
Excadrill,1
Exeggcute,1
Exeggutor,1
Exploud,1
Falinks,1
Farfetch'd,1
Farigiraf,1
Fearow,1
Feebas,1
Fennekin,1
Feraligatr,1
Ferroseed,1
Ferrothorn,1
Fezandipiti,1
Fidough,1
Finizen,1
Finneon,1
Flaaffy,1
Flabébé,1
Flamigo,1
Flapple,1
Flareon,1
Fletchinder,1
Fletchling,1
Flittle,1
Floatzel,1
Floette,1
Floragato,1
Florges,1
Flutter Mane,1
Flygon,1
Fomantis,1
Foongus,1
Forretress,1
Fraxure,1
Frigibax,1
Frillish,1
Froakie,1
Frogadier,1
Froslass,1
Frosmoth,1
Fuecoco,1
Furfrou,1
Furret,1
Gabite,1
Gallade,1
Galvantula,1
Garbodor,1
Garchomp,1
Gardevoir,1
Garganacl,1
Gastly,1
Gastrodon,1
Genesect,1
Gengar,1
Geodude,1
Gholdengo,1
Gible,1
Gigalith,1
Gimmighoul,1
Girafarig,1
Giratina,1
Glaceon,1
Glalie,1
Glameow,1
Glastrier,1
Gligar,1
Glimmet,1
Glimmora,1
Gliscor,1
Gloom,1
Gogoat,1
Golbat,1
Goldeen,1
Golduck,1
Golem,1
Golett,1
Golisopod,1
Golurk,1
Goodra,1
Goomy,1
Gorebyss,1
Gossifleur,1
Gothita,1
Gothitelle,1
Gothorita,1
Gouging Fire,1
Gourgeist,1
Grafaiai,1
Granbull,1
Grapploct,1
Graveler,1
Great Tusk,1
Greavard,1
Greedent,1
Greninja,1
Grimer,1
Grimmsnarl,1
Grookey,1
Grotle,1
Groudon,1
Grovyle,1
Growlithe,1
Grubbin,1
Grumpig,1
Gulpin,1
Gumshoos,1
Gurdurr,1
Guzzlord,1
Gyarados,1
Hakamo-o,1
Happiny,1
Hariyama,1
Hatenna,1
Hatterene,1
Hattrem,1
Haunter,1
Hawlucha,1
Haxorus,1
Heatmor,1
Heatran,1
Heliolisk,1
Helioptile,1
Heracross,1
Herdier,1
Hippopotas,1
Hippowdon,1
Hitmonchan,1
Hitmonlee,1
Hitmontop,1
Ho-oh,1
Honchkrow,1
Honedge,1
Hoopa,1
Hoothoot,1
Hoppip,1
Horsea,1
Houndoom,1
Houndour,1
Houndstone,1
Huntail,1
Hydrapple,1
Hydreigon,1
Hypno,1
Igglybuff,1
Illumise,1
Impidimp,1
Incineroar,1
Indeedee,1
Infernape,1
Inkay,1
Inteleon,1
Iron Boulder,1
Iron Bundle,1
Iron Crown,1
Iron Hands,1
Iron Jugulis,1
Iron Leaves,1
Iron Moth,1
Iron Thorns,1
Iron Treads,1
Iron Valiant,1
Ivysaur,1
Jangmo-o,1
Jellicent,1
Jigglypuff,1
Jirachi,1
Jolteon,1
Joltik,1
Jumpluff,1
Jynx,1
Kabuto,1
Kabutops,1
Kadabra,1
Kakuna,1
Kangaskhan,1
Karrablast,1
Kartana,1
Kecleon,1
Keldeo,1
Kilowattrel,1
Kingambit,1
Kingdra,1
Kingler,1
Kirlia,1
Klang,1
Klawf,1
Kleavor,1
Klefki,1
Klink,1
Klinklang,1
Koffing,1
Komala,1
Kommo-o,1
Koraidon,1
Krabby,1
Kricketot,1
Kricketune,1
Krokorok,1
Krookodile,1
Kubfu,1
Kyogre,1
Kyurem,1
Lairon,1
Lampent,1
Landorus,1
Lanturn,1
Lapras,1
Larvesta,1
Larvitar,1
Latias,1
Latios,1
Leafeon,1
Leavanny,1
Lechonk,1
Ledian,1
Ledyba,1
Lickilicky,1
Lickitung,1
Liepard,1
Lileep,1
Lilligant,1
Lillipup,1
Linoone,1
Litleo,1
Litten,1
Litwick,1
Lokix,1
Lombre,1
Lopunny,1
Lotad,1
Loudred,1
Lucario,1
Ludicolo,1
Lugia,1
Lumineon,1
Lunala,1
Lunatone,1
Lurantis,1
Luvdisc,1
Luxio,1
Luxray,1
Lycanroc,1
Mabosstiff,1
Machamp,1
Machoke,1
Machop,1
Magby,1
Magcargo,1
Magearna,1
Magikarp,1
Magmar,1
Magmortar,1
Magnemite,1
Magneton,1
Magnezone,1
Makuhita,1
Malamar,1
Mamoswine,1
Manaphy,1
Mandibuzz,1
Manectric,1
Mankey,1
Mantine,1
Mantyke,1
Maractus,1
Mareanie,1
Mareep,1
Marill,1
Marowak,1
Marshadow,1
Marshtomp,1
Maschiff,1
Masquerain,1
Maushold,1
Mawile,1
Medicham,1
Meditite,1
Meganium,1
Melmetal,1
Meloetta,1
Meltan,1
Meowscarada,1
Meowstic,1
Meowth,1
Mesprit,1
Metagross,1
Metang,1
Metapod,1
Mew,1
Mewtwo,1
Mienfoo,1
Mienshao,1
Mightyena,1
Milcery,1
Milotic,1
Miltank,1
Mime Jr.,1
Mimikyu,1
Minccino,1
Minior,1
Minun,1
Miraidon,1
Misdreavus,1
Mismagius,1
Moltres,1
Monferno,1
Morelull,1
Morgrem,1
Morpeko,1
Mothim,1
Mr. Mime,1
Mr. Rime,1
Mudbray,1
Mudkip,1
Mudsdale,1
Muk,1
Munchlax,1
Munkidori,1
Munna,1
Murkrow,1
Musharna,1
Nacli,1
Naclstack,1
Naganadel,1
Natu,1
Necrozma,1
Nickit,1
Nidoking,1
Nidoqueen,1
Nidoran♀ (female),1
Nidoran♂ (male),1
Nidorina,1
Nidorino,1
Nihilego,1
Nincada,1
Ninetales,1
Ninjask,1
Noctowl,1
Noibat,1
Noivern,1
Nosepass,1
Numel,1
Nuzleaf,1
Nymble,1
Obstagoon,1
Octillery,1
Oddish,1
Ogerpon,1
Oinkologne,1
Okidogi,1
Omanyte,1
Omastar,1
Onix,1
Oranguru,1
Orbeetle,1
Oricorio,1
Orthworm,1
Oshawott,1
Overqwil,1
Pachirisu,1
Palafin,1
Palkia,1
Palossand,1
Palpitoad,1
Pancham,1
Pangoro,1
Panpour,1
Pansage,1
Pansear,1
Paras,1
Parasect,1
Passimian,1
Patrat,1
Pawmi,1
Pawmo,1
Pawmot,1
Pawniard,1
Pecharunt,1
Pelipper,1
Perrserker,1
Persian,1
Petilil,1
Phanpy,1
Phantump,1
Pheromosa,1
Phione,1
Pichu,1
Pidgeot,1
Pidgeotto,1
Pidgey,1
Pidove,1
Pignite,1
Pikachu,1
Pikipek,1
Piloswine,1
Pincurchin,1
Pineco,1
Pinsir,1
Piplup,1
Plusle,1
Poipole,1
Politoed,1
Poliwag,1
Poliwhirl,1
Poliwrath,1
Poltchageist,1
Polteageist,1
Ponyta,1
Poochyena,1
Popplio,1
Porygon,1
Porygon-Z,1
Porygon2,1
Primarina,1
Primeape,1
Prinplup,1
Probopass,1
Psyduck,1
Pumpkaboo,1
Pupitar,1
Purrloin,1
Purugly,1
Pyroar,1
Pyukumuku,1
Quagsire,1
Quaquaval,1
Quaxly,1
Quaxwell,1
Quilava,1
Quilladin,1
Qwilfish,1
Raboot,1
Rabsca,1
Raging Bolt,1
Raichu,1
Raikou,1
Ralts,1
Rampardos,1
Rapidash,1
Raticate,1
Rattata,1
Rayquaza,1
Regice,1
Regidrago,1
Regieleki,1
Regigigas,1
Regirock,1
Registeel,1
Relicanth,1
Rellor,1
Remoraid,1
Reshiram,1
Reuniclus,1
Revavroom,1
Rhydon,1
Rhyhorn,1
Rhyperior,1
Ribombee,1
Rillaboom,1
Riolu,1
Roaring Moon,1
Rockruff,1
Roggenrola,1
Rolycoly,1
Rookidee,1
Roselia,1
Roserade,1
Rotom,1
Rowlet,1
Rufflet,1
Runerigus,1
Sableye,1
Salamence,1
Salandit,1
Salazzle,1
Samurott,1
Sandaconda,1
Sandile,1
Sandshrew,1
Sandslash,1
Sandy Shocks,1
Sandygast,1
Sawk,1
Sawsbuck,1
Scatterbug,1
Sceptile,1
Scizor,1
Scolipede,1
Scorbunny,1
Scovillain,1
Scrafty,1
Scraggy,1
Scream Tail,1
Scyther,1
Seadra,1
Seaking,1
Sealeo,1
Seedot,1
Seel,1
Seismitoad,1
Sentret,1
Serperior,1
Servine,1
Seviper,1
Sewaddle,1
Sharpedo,1
Shaymin,1
Shedinja,1
Shelgon,1
Shellder,1
Shellos,1
Shelmet,1
Shieldon,1
Shiftry,1
Shiinotic,1
Shinx,1
Shroodle,1
Shroomish,1
Shuckle,1
Shuppet,1
Sigilyph,1
Silcoon,1
Silicobra,1
Silvally,1
Simipour,1
Simisage,1
Simisear,1
Sinistcha,1
Sinistea,1
Sirfetch'd,1
Sizzlipede,1
Skarmory,1
Skeledirge,1
Skiddo,1
Skiploom,1
Skitty,1
Skorupi,1
Skrelp,1
Skuntank,1
Skwovet,1
Slaking,1
Slakoth,1
Sliggoo,1
Slither Wing,1
Slowbro,1
Slowking,1
Slowpoke,1
Slugma,1
Slurpuff,1
Smeargle,1
Smoliv,1
Smoochum,1
Sneasel,1
Sneasler,1
Snivy,1
Snom,1
Snorlax,1
Snorunt,1
Snover,1
Snubbull,1
Sobble,1
Solgaleo,1
Solosis,1
Solrock,1
Spearow,1
Spectrier,1
Spewpa,1
Spheal,1
Spidops,1
Spinarak,1
Spinda,1
Spiritomb,1
Spoink,1
Sprigatito,1
Spritzee,1
Squawkabilly,1
Squirtle,1
Stakataka,1
Stantler,1
Staraptor,1
Staravia,1
Starly,1
Starmie,1
Staryu,1
Steelix,1
Steenee,1
Stonjourner,1
Stoutland,1
Stufful,1
Stunfisk,1
Stunky,1
Sudowoodo,1
Suicune,1
Sunflora,1
Sunkern,1
Surskit,1
Swablu,1
Swadloon,1
Swalot,1
Swampert,1
Swanna,1
Swellow,1
Swinub,1
Swirlix,1
Swoobat,1
Sylveon,1
Tadbulb,1
Taillow,1
Talonflame,1
Tandemaus,1
Tangela,1
Tangrowth,1
Tapu Bulu,1
Tapu Fini,1
Tapu Koko,1
Tapu Lele,1
Tarountula,1
Tatsugiri,1
Tauros,1
Teddiursa,1
Tentacool,1
Tentacruel,1
Tepig,1
Terapagos,1
Terrakion,1
Thievul,1
Throh,1
Thundurus,1
Thwackey,1
Timburr,1
Ting-Lu,1
Tinkatink,1
Tinkaton,1
Tinkatuff,1
Tirtouga,1
Toedscool,1
Toedscruel,1
Togedemaru,1
Togekiss,1
Togepi,1
Togetic,1
Torchic,1
Torkoal,1
Tornadus,1
Torracat,1
Torterra,1
Totodile,1
Toucannon,1
Toxapex,1
Toxel,1
Toxicroak,1
Toxtricity,1
Tranquill,1
Trapinch,1
Treecko,1
Trevenant,1
Tropius,1
Trubbish,1
Trumbeak,1
Tsareena,1
Turtonator,1
Turtwig,1
Tympole,1
Tynamo,1
Type: Null,1
Typhlosion,1
Tyranitar,1
Tyrantrum,1
Tyrogue,1
Tyrunt,1
Umbreon,1
Unfezant,1
Unown,1
Ursaluna,1
Ursaring,1
Urshifu,1
Uxie,1
Vanillish,1
Vanillite,1
Vanilluxe,1
Vaporeon,1
Varoom,1
Veluza,1
Venipede,1
Venomoth,1
Venonat,1
Venusaur,1
Vespiquen,1
Vibrava,1
Victini,1
Victreebel,1
Vigoroth,1
Vikavolt,1
Vileplume,1
Virizion,1
Vivillon,1
Volbeat,1
Volcanion,1
Volcarona,1
Voltorb,1
Vullaby,1
Vulpix,1
Wailmer,1
Wailord,1
Walking Wake,1
Walrein,1
Wartortle,1
Watchog,1
Wattrel,1
Weavile,1
Weedle,1
Weepinbell,1
Weezing,1
Whimsicott,1
Whirlipede,1
Whiscash,1
Whismur,1
Wigglytuff,1
Wiglett,1
Wimpod,1
Wingull,1
Wishiwashi,1
Wo-Chien,1
Wobbuffet,1
Woobat,1
Wooloo,1
Wooper,1
Wormadam,1
Wugtrio,1
Wurmple,1
Wynaut,1
Wyrdeer,1
Xatu,1
Xerneas,1
Xurkitree,1
Yamask,1
Yamper,1
Yanma,1
Yanmega,1
Yungoos,1
Yveltal,1
Zacian,1
Zamazenta,1
Zangoose,1
Zapdos,1
Zarude,1
Zebstrika,1
Zekrom,1
Zeraora,1
Zigzagoon,1
Zoroark,1
Zorua,1
Zubat,1
Zweilous,1
Zygarde,1
fire type,1
water type,1
grass type,1
electric type,1
psychic type,1
dragon type,1
dark type,1
fairy type,1
ghost type,1
steel type,1
ice type,1
rock type,1
ground type,1
flying type,1
bug type,1
poison type,1
fighting type,1
normal type,1
generation 1,1
generation 2,1
generation 3,1
generation 4,1
generation 5,1
generation 6,1
generation 7,1
generation 8,1
generation 9,1
starter pokemon,1
legendary pokemon,1
mythical pokemon,1
evolution chain,1
final evolution,1
mega evolution,1
strongest pokemon,1
fastest pokemon,1
dual type pokemon,1
pokemon weakness,1
pokemon moves,1
pokemon abilities,1
pokemon stats,1
pokemon locations,1
pokemon national dex,1
shiny pokemon,1
starter fire type,1
gen 9 starters,1
